id,subdir,filename,expected_doc_class,expected_stage,size_tier,source,license,notes,dataset,expected_fields
contract_01,contract,contract_01_affiliate_agreement.pdf,contract,archived,small,CUAD full_contract_pdf/Part_I/Affiliate_Agreements (CreditcardscomInc S-1 EX-10.33),CC-BY-4.0,Real SEC-exhibit affiliate agreement; 12 pages; text-based,original,"{""parties"":[""Chase Bank USA, N.A."",""Affiliate""],""effective_date"":null,""term_length"":""commences on the date that the Affiliate Registration Form is approved by Chase and will end when terminated by either party"",""termination_clauses"":[""Either Affiliate or Chase may terminate this Agreement at any time, with or without cause, by giving the other party written or e-mail notice of termination"",""At the time of termination, any links to Chase's Website must be removed immediately"",""Affiliate will continue to receive Commission payments for all Approved Accounts placed during the term of this Agreement"",""Chase may terminate this Agreement if Affiliate does not comply with the terms and conditions herein"",""Chase also reserves the right to terminate this Agreement in the event that any Restricted Content is incorporated on Affiliate's site after acceptance"",""IF ANY MODIFICATION IS UNACCEPTABLE TO AFFILIATE, THE ONLY RECOURSE IS TO TERMINATE THIS AGREEMENT""],""governing_law"":""Delaware"",""key_obligations"":[""Chase will pay Affiliate a fee for each approved credit card account that originates from a link in Affiliate's Website"",""Affiliate cannot use or implement creative that is not available through the LinkShare affiliate interface"",""Affiliates may not harvest or collect personal information, or email addresses using the Chase brand without the written consent of Chase"",""Affiliate agrees to place Chase's links provided by Linkshare NetworkTM which manages the Affiliate Program ('Links') on its Affiliate's website"",""Affiliate will only use credit card descriptions provided or approved in writing by Chase"",""Affiliate is solely responsible for ensuring that its reviews and articles obey all applicable copyright and other laws"",""Affiliate may not specify details regarding the Chase credit card on their Websites without the prior approval of Chase"",""Affiliate agrees not to use the Licensed Materials in any manner that is disparaging or that otherwise portrays Chase in a negative light""],""contract_value"":""Tiered or flat commission based on private offer terms in the network; lowest tier of the public offer is $55.00"",""renewal_terms"":null}"
contract_02,contract,contract_02_consulting_agreement.pdf,contract,archived,medium,CUAD full_contract_pdf/Part_II-A/Consulting Agreements (Global Technologies Ltd EX-10.16),CC-BY-4.0,Real consulting agreement; 7 pages,original,"{""parties"":[""Global Technologies, Ltd"",""Timothy Cabrera""],""effective_date"":""2020-01-02"",""term_length"":""one (1) year or until Consultant completes the services requested"",""termination_clauses"":[""Either Party shall have the right to terminate this Agreement without notice in the event of the bankruptcy, insolvency, or assignment for the benefit of creditors of the other Party"",""Either Party shall have the right to terminate this Agreement with notice, and the effective date of termination shall be the date such notice is received (by mail, overnight delivery, or fax) by the terminated Party"",""if the Company [is not] truthful with Consultant in regard to any relevant material regarding the Company ... this entire Agreement will terminate and all consideration paid shall be forfeited without further notice""],""governing_law"":""Florida"",""key_obligations"":[""The Company shall pay Consultant $250,000 cash compensation"",""Seek and advise the Company on the acquisition of potential products for the Company's subsidiaries"",""Assist in negotiating acquisition or merger consideration as required by the Company"",""Assist in the sale of any inventory held by any of the Company's subsidiaries"",""Assist in the sale of any future products acquired, licensed or developed by the Company and or its subsidiaries"",""Consultant shall devote such time and efforts to the affairs of the Company as is reasonably necessary to render the services contemplated by this Agreement"",""Consultant will in no way act as a 'broker-dealer' under state securities laws"",""Comply with all federal and state laws"",""The Consultant will be solely responsible for all tax returns and payments required to be filed with or made to any federal, state or local tax authority""],""contract_value"":""$250,000"",""renewal_terms"":null}"
contract_03,contract,contract_03_service_agreement.pdf,contract,archived,large,CUAD full_contract_pdf/Part_I/Service (ReynoldsConsumerProducts S-1A EX-10.22),CC-BY-4.0,Real transition services agreement; 52 pages; large-token efficiency case,original,"{""parties"":[""Reynolds Group Holdings Inc."",""Reynolds Consumer Products Inc.""],""effective_date"":""2020-02-04"",""term_length"":""12 months following the Commencement Date unless a different date is specified on Exhibit A or Exhibit B"",""termination_clauses"":[""Company may terminate for convenience any Transition Service, and RGHI may terminate for convenience any Reverse Transition Service, upon 30 days' prior written notice"",""This Agreement shall terminate when the Termination Date has occurred for all Services"",""this Agreement may be terminated by either Party ... upon written notice ... if the other Party or its Affiliates materially breaches this Agreement and such breach is not cured, to the reasonable satisfaction of the Terminating Party, within thirty (30) days of written notice thereof"",""if the other Party files for bankruptcy or similar proceeding ... becomes or is declared insolvent, becomes the subject of any proceedings ... related to its liquidation, insolvency, bankruptcy or the appointment of a trustee or a receiver ... or a court approves reorganization proceedings on such Party""],""governing_law"":""Illinois"",""key_obligations"":[""RGHI shall provide, or shall cause its Affiliates or ... third parties to provide, to the Company ... the services described on Exhibit A hereto (the 'Transition Services')"",""Company shall provide, or shall cause its Affiliates ... to provide, to RGHI ... the services described on Exhibit B hereto (the 'Reverse Transition Services')"",""RGHI shall ... undertake the segregation and extraction required to separate the IT systems, data, records and processes of the Company ... and migrate them to RCP's ... IT environment or infrastructure (the 'Migration Services')"",""The costs of such Migration Services shall be paid by RCP"",""Recipient shall pay Provider (i) the fee for each Service set forth on Exhibit A or Exhibit B, (ii) Providers' and their Affiliates' reasonable and documented out-of-pocket expenses ... and (iii) any other fees as agreed to by the Parties in writing (collectively, the 'Fees')"",""Recipient shall pay, or cause to be paid, the Fees shown on an invoice no later than the last business day of the month Recipient received such invoice"",""Provider shall (x) be responsible for the performance or non-performance of any such parties and (y) in all cases remain responsible for ensuring that obligations with respect to the standards of Services set forth in Article III of this Agreement are satisfied""],""contract_value"":""No aggregate amount; per-service fees set forth on Exhibit A/Exhibit B (e.g. $220,775 per month Base Infrastructure, $100,275 per month Tax Services, $97,353 per month LAN & WAN Management, $175 per person per hour Audit Services)"",""renewal_terms"":null}"
compliance_01,compliance_filing,compliance_01_10k_excerpt.pdf,compliance_filing,archived,large,compliance/10k_excerpt.txt,original (styled after a 10-K),Synthetic 10-K excerpt incl. risk factors + financial statements; exceeds classify truncation,original,"{""filing_type"":""10-K"",""regulatory_body"":""SEC"",""filing_date"":""2025-02-27"",""due_date"":null,""entity_name"":""Northwind Logistics Corporation"",""key_requirements"":[""Item 1. Business"",""Item 1A. Risk Factors"",""Item 7. Management's Discussion and Analysis of Financial Condition and Results of Operations"",""Item 8. Financial Statements and Supplementary Data"",""Item 9A. Controls and Procedures"",""Item 15. Exhibits, Financial Statement Schedules"",""Consolidated financial statements""],""status"":null,""reference_number"":""001-39420""}"
compliance_02,compliance_filing,compliance_02_state_filing.pdf,compliance_filing,archived,small,compliance/state_filing.txt,original,State annual report filing,original,"{""filing_type"":""Annual Report"",""regulatory_body"":""Delaware Secretary of State"",""filing_date"":""2025-03-31"",""due_date"":null,""entity_name"":""HarborPoint Holdings, Inc."",""key_requirements"":[""State of incorporation: Delaware"",""Date of incorporation: June 12, 2018"",""Fiscal year end: December 31"",""Type of entity: Corporation"",""Principal office address: 800 Bridgeway Street, Suite 210, Wilmington, DE 19801"",""The entity is in good standing under the laws of the State of Delaware and has not been dissolved or merged""],""status"":""in good standing"",""reference_number"":""5012345""}"
corporate_01,corporate_record,corporate_01_bylaws.pdf,corporate_record,archived,medium,corporate/bylaws.txt,original,Amended and restated bylaws,original,"{""entity_name"":""HarborPoint Holdings, Inc."",""record_type"":""Amended and Restated Bylaws"",""effective_date"":""2024-03-01"",""key_provisions"":[""The registered office of the corporation shall be at 800 Bridgeway Street, Suite 210, Wilmington, Delaware 19801"",""Special meetings of the stockholders ... may be called at any time by the Board of Directors, the Chairman of the Board, the Chief Executive Officer, or by the Secretary upon the written request of stockholders holding not less than twenty-five percent (25%) of the outstanding shares entitled to vote"",""The holders of a majority of the shares entitled to vote, present in person or represented by proxy, shall constitute a quorum"",""The Board of Directors shall consist of not fewer than three (3) and not more than eleven (11) members"",""The officers of the corporation shall be chosen by the Board of Directors and shall include a Chief Executive Officer, a President, a Chief Financial Officer, a Secretary, and a Treasurer"",""The corporation shall indemnify any person who was or is a party ... against expenses, judgments, fines, and amounts paid in settlement actually and reasonably incurred by such person"",""The fiscal year of the corporation shall end on December 31 of each year"",""These bylaws may be amended or repealed by the affirmative vote of a majority of the whole Board of Directors""],""signatories"":null,""jurisdiction"":""Delaware"",""filing_number"":null}"
corporate_02,corporate_record,corporate_02_resolution.pdf,corporate_record,archived,small,corporate/resolution.txt,original,Unanimous written consent / board resolutions,original,"{""entity_name"":""HarborPoint Holdings, Inc."",""record_type"":""Unanimous Written Consent of the Board of Directors"",""effective_date"":""2025-01-10"",""key_provisions"":[""the Board of Directors hereby approves the entry into a Master Services Agreement with Northwind Logistics Corporation"",""authorizes the Chief Executive Officer to execute and deliver such agreement on behalf of the corporation"",""authorizes and directs the Chief Executive Officer to take all such actions ... including the incurrence of up to $1,500,000 in capital expenditures"",""the Board of Directors hereby establishes the Audit Committee, consisting of directors Amelia Rodriguez (Chair), Thomas Okafor, and Priya Nair"",""the Board of Directors hereby approves the grant of 50,000 restricted stock units to the Chief Executive Officer, subject to the terms of the corporation's 2023 Equity Incentive Plan""],""signatories"":[""Amelia Rodriguez"",""Thomas Okafor"",""Priya Nair""],""jurisdiction"":""Delaware"",""filing_number"":null}"
correspondence_01,correspondence,correspondence_01_demand_letter.pdf,correspondence,archived,small,correspondence/demand_letter.txt,original,Notice of breach and demand for payment,original,"{""sender"":""Dana Alvarez, Senior Associate, Ridgeline & Partners LLP (representing Northwind Logistics Corporation)"",""recipient"":""HarborPoint Holdings, Inc. (Attn: General Counsel)"",""date_sent"":""2025-01-18"",""subject"":""NOTICE OF BREACH AND DEMAND FOR PAYMENT UNDER MASTER SERVICES AGREEMENT"",""communication_type"":""demand letter"",""key_points"":[""This firm represents Northwind Logistics Corporation in connection with the Master Services Agreement dated June 1, 2024 between Northwind and HarborPoint Holdings, Inc."",""Under Section 5.2 of the Agreement, HarborPoint agreed to pay all invoices within thirty (30) days of receipt."",""Three invoices totaling $218,440.00 remain unpaid and are more than thirty (30) days past due."",""This failure to pay constitutes a material breach of the Agreement."",""Pursuant to Section 9.4, Northwind demands payment of the full outstanding balance within ten (10) days of the date of the letter."",""If payment is not received by that deadline, Northwind intends to exercise all rights and remedies, including termination and legal proceedings to recover the amounts owed, interest, costs, and attorneys' fees as permitted under Section 9.7."",""This letter is a formal notice of breach and demand for cure, and nothing in it waives any right or remedy available to Northwind under the Agreement, at law, or in equity.""],""action_items"":[""Pay the full outstanding balance of $218,440.00 within ten (10) days of the date of the letter."",""Direct all payments and communications regarding this matter to the undersigned.""],""urgency"":""urgent""}"
correspondence_02,correspondence,correspondence_02_internal_memo.pdf,correspondence,archived,small,correspondence/internal_memo.txt,original,Internal legal memo re remedies analysis,original,"{""sender"":""Dana Alvarez, Senior Associate"",""recipient"":""Amelia Rodriguez, General Counsel"",""date_sent"":""2025-02-03"",""subject"":""Analysis of Remedies Under the Master Services Agreement with Northwind Logistics"",""communication_type"":""internal memo"",""key_points"":[""Since October, HarborPoint has experienced on-time performance of approximately 82%, below the 95% service-level commitment in Section 4.2 of the Agreement"",""HarborPoint delivered formal notice of noncompliance on December 19, 2024"",""Section 9.4 of the Agreement establishes a ten-business-day cure period following notice of a material breach"",""Northwind's cure window closes on February 6, 2025"",""If the cure is not effected, HarborPoint may terminate the Agreement under Section 9.5 and seek damages under Section 9.8, which includes a liquidated-damages provision of $2,500 per day of unmet service level, capped at $150,000""],""action_items"":[""Allow the cure period to expire without further forbearance"",""Deliver a termination notice under Section 9.5"",""Initiate the dispute-resolution process under Article 11 (initial mediation before arbitration)"",""Assemble the performance data and delivery records needed to substantiate the service-level shortfall in mediation""],""urgency"":null}"
due_diligence_01,due_diligence,due_diligence_01_dd_report.pdf,due_diligence,archived,medium,due_diligence/dd_report.txt,original,DD report with risk flags,original,"{""target_entity"":""Meridian Fulfillment Services, LLC"",""diligence_type"":""acquisition due diligence (proposed acquisition of 100% of the membership interests of the Target)"",""material_findings"":[""Meridian operates three fulfillment facilities (Reno, NV; Sparks, NV; and Phoenix, AZ) totaling approximately 420,000 square feet"",""Revenue for fiscal 2023 was $68.2 million, with an adjusted EBITDA of $9.4 million"",""The Target's top five customers represent 71% of revenue"",""The Target is a party to one active commercial dispute (Meridian v. PeakCarrier, Inc., U.S. District Court, D. Nevada, Case No. 3:24-cv-0041)"",""Seven [of the ten largest customer contracts] contain change-of-control provisions requiring counterparty consent to assignment"",""The Target holds one registered trademark (MERIDIAN FULFILLMENT), two pending trademark applications, and proprietary warehouse-management software code"",""The Target employs 412 W-2 employees and engages 38 independent contractor drivers""],""risk_flags"":[""Customer concentration: 71% of revenue from five customers (HIGH)"",""Change-of-control consent requirements in seven customer contracts (MEDIUM)"",""Active litigation exposure estimated at up to $1.2 million (MEDIUM)"",""Independent contractor classification risk for 38 drivers (MEDIUM)"",""No environmental or compliance violations identified (LOW)""],""outstanding_items"":[""A purchase price adjustment to reflect the litigation exposure"",""Obtaining counterparty consents for change-of-control provisions prior to closing"",""Inclusion of representations and warranties addressing contractor classification"",""Confirming that all IP is assigned to the Target and included in the asset purchase""],""document_date"":""2024-11-12"",""prepared_by"":""Ridgeway & Partners LLP""}"
due_diligence_02,due_diligence,due_diligence_02_checklist.pdf,due_diligence,archived,small,due_diligence/checklist.txt,original,DD checklist,original,"{""target_entity"":""Meridian Fulfillment Services, LLC"",""diligence_type"":""due diligence checklist"",""material_findings"":null,""risk_flags"":null,""outstanding_items"":[""Certificate of formation and operating agreement (all amendments)"",""Certificate of good standing from the State of Nevada"",""Current member and manager register"",""Tax identification number verification"",""Audited financial statements for fiscal years 2022-2023"",""Interim financial statements for fiscal 2024"",""Trial balance and general ledger detail (last 12 months)"",""Aging schedules for accounts receivable and accounts payable"",""Fixed asset register and depreciation schedules"",""List of all debt instruments, credit facilities, and guarantees"",""Litigation hold letter issued and response"",""Search of federal, state, and county court records"",""Copies of all active pleadings and settlement agreements"",""Permits and licenses (all facilities)"",""Regulatory inspection reports (OSHA, EPA, local) - last 3 years"",""Tax compliance certificates"",""Top 10 customer contracts and amendments"",""Vendor and supplier agreements over $50,000/year"",""Lease agreements for all three facilities"",""Insurance policies and certificates of coverage"",""Change-of-control / assignment provisions summary"",""Employee handbook and offer letter template"",""Summary of W-2 headcount and independent contractor roster"",""Open workers' compensation claims report"",""Any union or collective bargaining agreements"",""Trademark and patent registrations"",""Copyright registrations"",""Assignment and ownership records for software"",""Phase I environmental site assessments (all facilities)"",""Environmental compliance certifications"",""Hazardous materials handling records""],""document_date"":""2024-10-28"",""prepared_by"":""Ridgeway & Partners LLP""}"
ambiguous_01,ambiguous,ambiguous_01_mixed_memo.pdf,correspondence,review,small,ambiguous/mixed_memo.txt,original,Multi-topic memo; expects low confidence -> retry -> human review,original,"{""sender"":""Corporate Development"",""recipient"":""Management Committee"",""date_sent"":""2025-04-07"",""subject"":""Status of Service Agreements and Related Filings"",""communication_type"":""internal memo"",""key_points"":[""Under the Master Services Agreement dated June 1, 2024, Northwind provides dedicated fleet and brokerage services to HarborPoint Holdings, Inc."",""On-time performance over the last quarter has averaged 82%, below the 95% service-level commitment"",""The outstanding invoice balance is $218,440.00"",""Our outside counsel has advised that the cure period under Section 9.4 of the agreement closes on February 6, 2025"",""Northwind has proposed an amendment that would (i) reduce the committed lane volume by 20%, (ii) extend the term by eighteen months, and (iii) revise the pricing schedule to a blended per-mile rate"",""The board approved at its January 10 meeting a resolution authorizing capital expenditures of up to $1,500,000"",""The related annual report for the Delaware Secretary of State was filed on March 31, 2025"",""The company also filed its Form 10-K for the fiscal year ended December 31, 2024 on February 27, 2025""],""action_items"":[""Advise whether management intends to (a) execute the proposed amendment, (b) exercise the termination rights described in the demand letter, or (c) negotiate a further extension"",""A response is requested by April 14, 2025""],""urgency"":""Response requested by April 14, 2025""}"
legalbench_01,contract,legalbench_01_merger_agreement.pdf,contract,archived,small,external/legalbench/legalbench_01_merger_agreement.txt,CC-BY-4.0,MAUD v1 contract_88: full merger agreement text underlying LegalBench maud_* tasks (Zenodo 10.5281/zenodo.7500064); SEC-sourced,legalbench,"{""parties"":[""Centene Corporation"",""Mayflower Merger Sub, Inc."",""Magellan Health, Inc.""],""effective_date"":""2021-01-04"",""term_length"":""until the Effective Time of the Merger (the Merger becomes effective when the Certificate of Merger is filed with the Delaware Secretary of State, Section 1.2(b)); Closing on the third (3rd) Business Day following satisfaction of Article VI conditions (Section 1.1)"",""termination_clauses"":null,""governing_law"":null,""key_obligations"":[""Merger Sub shall be merged with and into the Company (the \""Merger\""), with the Company continuing as the Surviving Corporation (Section 1.2(a))"",""each share of Company Common Stock issued and outstanding immediately prior to the Effective Time ... shall be automatically canceled and shall cease to exist and shall be converted into the right to receive $95.00 in cash, without interest (the \""Merger Consideration\"") (Section 2.1(a)(ii))"",""The Parties shall consummate the Merger (the \""Closing\"") electronically ... at 8:00 a.m. on the third (3rd) Business Day following the satisfaction ... of the conditions in Article VI (Section 1.1)"",""Conduct of Company Business Prior to the Effective Time (Section 5.1)"",""Preparation of the Proxy Statement; ... Company Stockholders Meeting (Section 5.3)"",""No Company Solicitation (Section 5.4)""],""contract_value"":""$95.00 in cash per share of Company Common Stock, without interest (the \""Merger Consideration\"")"",""renewal_terms"":null}"
legalbench_02,contract,legalbench_02_merger_agreement.pdf,contract,archived,medium,external/legalbench/legalbench_02_merger_agreement.txt,CC-BY-4.0,MAUD v1 contract_83: merger agreement underlying LegalBench maud_* tasks,legalbench,"{""parties"":[""Lydall, Inc."",""Unifrax Holding Co."",""Outback Merger Sub, Inc."",""Unifrax I LLC""],""effective_date"":""2021-06-21"",""term_length"":""until the Effective Time; termination right if the Merger has not been consummated on or before June 21, 2022 (the \""End Date\"") (Section 10.01(b)(i))"",""termination_clauses"":[""by mutual written agreement of the Company and Parent"",""by either the Company or Parent, if: the Merger has not been consummated on or before June 21, 2022 (the \""End Date\"")"",""by either the Company or Parent, if: there shall be any permanent injunction or other order issued by a court of competent jurisdiction preventing the consummation of the Merger and such injunction or other order shall have become final and nonappealable"",""by either the Company or Parent, if: at the Company Stockholder Meeting (including any adjournment or postponement thereof), the Company Stockholder Approval shall not have been obtained"",""by Parent, if: prior to receipt of the Company Stockholder Approval, an Adverse Recommendation Change shall have occurred"",""by Parent, if: a breach of any representation or warranty or failure to perform any covenant or agreement on the part of the Company ... shall not have cured such breach within 30 calendar days after receipt of written notice"",""by the Company, if: prior to the receipt of the Company Stockholder Approval, the Board of Directors authorizes the Company to enter into a written agreement concerning a Superior Proposal"",""Termination Fee: the Company shall pay to Parent in immediately available funds $31,500,000"",""Reverse Termination Fee: Parent (or Unifrax) shall pay the Company an amount equal to $91,700,000""],""governing_law"":null,""key_obligations"":[""at the Effective Time, Merger Sub shall be merged (the \""Merger\"") with and into the Company in accordance with Delaware Law, whereupon ... the Company shall be the surviving corporation (Section 2.01(a))"",""each share of Company Common Stock outstanding immediately prior to the Effective Time shall be converted into the right to receive $62.10 in cash, without interest (the \""Merger Consideration\"") (Section 2.02(a))"",""Conduct of the Company (Section 6.01)"",""No Solicitation; Other Offers (Section 6.04)"",""Regulatory Undertakings; Reasonable Best Efforts (Section 8.01)"",""Merger Without Meeting of Stockholders (Section 8.04)""],""contract_value"":""$62.10 in cash per share of Company Common Stock, without interest (the \""Merger Consideration\"")"",""renewal_terms"":null}"
legalbench_03,contract,legalbench_03_merger_agreement.pdf,contract,archived,medium,external/legalbench/legalbench_03_merger_agreement.txt,CC-BY-4.0,MAUD v1 contract_129: merger agreement underlying LegalBench maud_* tasks,legalbench,"{""parties"":[""Sterling Bancorp"",""Webster Financial Corporation""],""effective_date"":""2021-04-18"",""term_length"":""until the Effective Time; termination right if the Merger shall not have been consummated on or before April 18, 2022 (the \""Termination Date\"") (Section 8.1(c))"",""termination_clauses"":[""by mutual written consent of Webster and Sterling"",""by either Webster or Sterling if any Governmental Entity that must grant a Requisite Regulatory Approval has denied approval of the Merger or the Bank Merger and such denial has become final and nonappealable or any Governmental Entity of competent jurisdiction shall have issued a final and nonappealable order, injunction, decree or other legal restraint or prohibition permanently enjoining or otherwise prohibiting or making illegal the consummation of the Merger or the Bank Merger"",""by either Webster or Sterling if the Merger shall not have been consummated on or before April 18, 2022 (the \""Termination Date\"")"",""by either Webster or Sterling ... if there shall have been a breach of any of the obligations, covenants or agreements or any of the representations or warranties ... which is not cured within forty-five (45) days following written notice"",""Termination Fee: Sterling shall pay Webster a fee equal to $185,000,000 (Section 8.2(b)(i))""],""governing_law"":""Delaware"",""key_obligations"":[""Sterling shall merge with and into Webster. Webster shall be the Surviving Corporation in the Merger (Section 1.1)"",""each share of Sterling Common Stock ... shall be converted into the right to receive 0.4630 of a share (the \""Exchange Ratio\"") of the common stock ... of Webster (the \""Webster Common Stock\"") (Section 1.5(a))"",""Conduct of Businesses Prior to the Effective Time (Section 5.1)"",""Regulatory Matters (Section 6.1)"",""Stockholder Approvals: Each of Sterling and Webster shall call a meeting of its stockholders ... for the purpose of obtaining the Requisite Sterling Vote and the Requisite Webster Vote (Section 6.3)""],""contract_value"":""0.4630 of a share of Webster Common Stock per share of Sterling Common Stock (the \""Exchange Ratio\""; such shares the \""Merger Consideration\"")"",""renewal_terms"":null}"
legalbench_04,contract,legalbench_04_merger_agreement.pdf,contract,archived,large,external/legalbench/legalbench_04_merger_agreement.txt,CC-BY-4.0,MAUD v1 contract_71: merger agreement underlying LegalBench maud_* tasks,legalbench,"{""parties"":[""Iconix Acquisition LLC"",""Iconix Merger Sub Inc."",""Iconix Brand Group, Inc.""],""effective_date"":""2021-06-11"",""term_length"":""until the Closing; termination right if the Acceptance Time shall not have occurred on or before 11:59 p.m. (Eastern Time) on October 15, 2021 (the \""Outside Date\"") (Section 8.1(b))"",""termination_clauses"":[""by mutual written consent of the Company and Parent"",""by either Parent or the Company if the Acceptance Time shall not have occurred on or before 11:59 p.m. (Eastern Time) on October 15, 2021 (the \""Outside Date\"")"",""there be any Law or any Governmental Order in effect by any Governmental Authority of competent jurisdiction preventing, restraining, enjoining, making illegal or otherwise prohibiting the consummation of the Offer or the Merger, and any such Governmental Order shall have become final and non-appealable"",""by Parent at any time prior to the Acceptance Time, if the Company Board shall have effected a Change in Recommendation or the Company shall have willfully and materially breached its obligations under Section 6.9"",""by Parent ... if the Company shall have breached or failed to perform ... and the Company shall not have cured such breaches or failures to perform within thirty (30) days after receipt of written notice thereof from Parent"",""by the Company ... if Parent or the Purchaser shall have breached or failed to perform ... and ... shall not have cured such breaches or failures to perform within thirty (30) days after receipt of written notice"",""by the Company, if the Purchaser fails to commence the Offer in violation of Section 2.1(a)"",""Company Termination Fee: $1,824,000"",""Parent Termination Fee: $11,824,000""],""governing_law"":""Delaware"",""key_obligations"":[""the Purchaser will commence ... a tender offer to purchase all of the outstanding Company Shares, at a price per Company Share equal to $3.15, net to the holder thereof, subject to reduction for any applicable withholding Taxes ... in cash (the \""Offer Price\"") (Section 2.1(a))"",""each Company Share ... shall be automatically converted into the right to receive, in cash, without interest, the Offer Price (the \""Per Share Amount\"") (Section 3.6(a))"",""Efforts to Consummate the Transactions (Section 6.6)"",""No Solicitation (Section 6.9)"",""Parent and the Purchaser shall make available ... to the Paying Agent an aggregate amount in cash sufficient to enable the Paying Agent to pay the aggregate consideration to which such holders of Company Shares become entitled (Section 3.7(a))""],""contract_value"":""$3.15 per Company Share in cash, net to the holder (the \""Offer Price\""; also the \""Per Share Amount\"" payable in the Merger)"",""renewal_terms"":null}"
legalbench_05,contract,legalbench_05_merger_agreement.pdf,contract,archived,large,external/legalbench/legalbench_05_merger_agreement.txt,CC-BY-4.0,MAUD v1 contract_117: merger agreement underlying LegalBench maud_* tasks,legalbench,"{""parties"":[""Diamondback Energy, Inc."",""Bohemia Merger Sub, Inc."",""QEP Resources, Inc.""],""effective_date"":""2020-12-20"",""term_length"":""until the Effective Time; termination right if the Merger shall not have been consummated on or before 5:00 p.m. Central time, on June 30, 2021 (extendable to September 30, 2021 under specified conditions) (the \""End Date\"") (Section 8.1(b)(ii))"",""termination_clauses"":[""by mutual written consent of the Company and Parent"",""by either the Company or Parent: if any Governmental Entity ... shall have issued any order, decree, ruling or injunction or taken any other action permanently restraining, enjoining or otherwise prohibiting the consummation of the Merger and such order, decree, ruling or injunction or other action shall have become final and nonappealable"",""by either the Company or Parent: if the Merger shall not have been consummated on or before 5:00 p.m. Central time, on June 30, 2021 (such date ... the \""End Date\"")"",""by either the Company or Parent: in the event of a violation or breach by the other Party of any representation, warranty, covenant or other agreement ... not cured by the earlier of (i) thirty (30) days after the giving of written notice and (ii) two (2) Business Days prior to the End Date (a \""Terminable Breach\"")"",""by either the Company or Parent: if the Company Stockholder Approval shall not have been obtained upon a vote held at a duly held Company Stockholders Meeting"",""by Parent, prior to, but not after, the time the Company Stockholder Approval is obtained, if the Company Board or a committee thereof shall have effected a Company Change of Recommendation"",""Company Termination Fee: $17,000,000 (paid by the Company to Parent)""],""governing_law"":""Delaware"",""key_obligations"":[""at the Effective Time, Merger Sub will be merged with and into the Company in accordance with the provisions of the General Corporation Law of the State of Delaware (Section 2.1)"",""Eligible Shares shall be converted into the right to receive from Parent that number of fully-paid and nonassessable shares of Parent Common Stock equal to the Exchange Ratio (\""Exchange Ratio\"" means 0.050) (Section 3.1(b)(i))"",""the Company shall ... hold the Company Stockholders Meeting ... for the purpose of obtaining the Company Stockholder Approval (Section 6.5)"",""No Solicitation by the Company (Section 6.3)"",""Obligations of Merger Sub: Parent shall take all action necessary to cause Merger Sub to perform its obligations (Section 6.19)""],""contract_value"":""0.050 shares of Parent Common Stock per share of Company Common Stock (the \""Exchange Ratio\"")"",""renewal_terms"":null}"
legalbench_06,contract,legalbench_06_merger_agreement.pdf,contract,archived,large,external/legalbench/legalbench_06_merger_agreement.txt,CC-BY-4.0,MAUD v1 contract_68: merger agreement underlying LegalBench maud_* tasks,legalbench,"{""parties"":[""Bonanza Creek Energy, Inc."",""Boron Merger Sub, Inc."",""HighPoint Resources Corporation""],""effective_date"":""2020-11-09"",""term_length"":""until the Effective Time; termination right if the Merger shall not have been consummated on or before 5:00 p.m. Denver, Colorado time, on April 8, 2021 if no Company Chapter 11 Cases have been filed by that date, or thirty (30) days following the date by which the Confirmation Order must be entered if the Company Chapter 11 Cases have been filed (each such date being the \""Outside Date\"") (Section 8.1(b)(ii))"",""termination_clauses"":[""by mutual written consent of the Company and Parent"",""by either the Company or Parent: if any Governmental Entity ... shall have issued any order, decree, ruling or injunction or taken any other action permanently restraining, enjoining or otherwise prohibiting the consummation of the Merger and such order, decree, ruling or injunction or other action shall have become final and nonappealable"",""by either the Company or Parent: if the Merger shall not have been consummated on or before 5:00 p.m. Denver, Colorado time, on April 8, 2021 ... (each such date being the \""Outside Date\"")"",""by either the Company or Parent: in the event of a breach by the other Party ... not cured by the earlier of (i) thirty (30) days after the giving of written notice and (ii) two (2) Business Days prior to the Outside Date (a \""Terminable Breach\"")"",""by either the Company or Parent: if the Company Stockholder Approval shall not have been obtained ... or the Parent Stockholder Approval shall not have been obtained"",""by Parent, prior to, but not after, the time the Company Stockholder Approval is obtained, if the Company Board or a committee thereof shall have effected a Company Change of Recommendation"",""by the Company, in order to enter into a definitive agreement with respect to a Company Superior Proposal"",""Company Termination Fee: $15,000,000, less the amount of the Transaction Expense Fee previously paid"",""Parent Termination Fee: $15,000,000""],""governing_law"":""Delaware"",""key_obligations"":[""at the Effective Time, Merger Sub will be merged with and into the Company in accordance with the provisions of the General Corporation Law of the State of Delaware (Section 2.1)"",""each share of Company Common Stock ... (the \""Eligible Shares\"") shall be converted into the right to receive from Parent that number of fully paid and nonassessable shares of Parent Common Stock equal to the Exchange Ratio (Section 3.1(b)(i))"",""Conduct of Company Business Pending the Merger (Section 6.1)"",""No Solicitation by the Company: the Company and its officers and directors ... will use their reasonable best efforts to cause the other Representatives of the Company to immediately cease ... any discussions or negotiations with any Person ... with respect to any inquiry, proposal or offer (Section 6.3)"",""Reasonable Best Efforts; Notification (Section 6.15)"",""Bankruptcy: the Company shall commence the Company Chapter 11 Cases ... and ... seek confirmation of the Prepackaged Plan (Section 6.24)""],""contract_value"":""stock consideration: each Eligible Share converted into the right to receive that number of shares of Parent Common Stock equal to the Exchange Ratio, where \""Exchange Ratio\"" means a number (rounded to five decimal places) obtained by dividing the Existing Company Stockholder Equity Recovery by Eligible Shares, and \""Existing Company Stockholder Equity Recovery\"" means 490,221 shares of Parent Common Stock (no cash per-share price or dollar value stated)"",""renewal_terms"":null}"
atticus_01,contract,atticus_01_ip_agreement.pdf,contract,archived,small,CUAD full_contract_pdf/Part_II-A/IP (Ingevity Corp EX-10.5 Intellectual Property Agreement),CC-BY-4.0,Real SEC-exhibit IP agreement; 20 pages,atticus,"{""parties"":[""WestRock Company"",""Ingevity Corporation""],""effective_date"":""2016-05-14"",""term_length"":null,""termination_clauses"":[""This Agreement may be terminated at any time prior to the Effective Time by Parent, in its sole and absolute discretion"",""After the Effective Time, this Agreement may not be terminated except by an agreement in writing signed by a duly authorized officer of each of the Parties""],""governing_law"":null,""key_obligations"":[""contribute, assign, transfer, convey and deliver to SpinCo"",""grant to each individual member of the Parent Group a non-exclusive, worldwide, perpetual, irrevocable, fully paid-up, royalty-free right and license"",""grant to each individual member of the SpinCo Group a non-exclusive, worldwide, perpetual, irrevocable, fully paid-up, royalty-free right and license"",""indemnify, defend and hold harmless the Parent Indemnitees"",""indemnify, defend and hold harmless the SpinCo Indemnitees"",""deliver possession of any Tangible/Intangible Information of the other Party"",""maintain any trade secrets and Information included in the Licensed SpinCo IP in strict confidence""],""contract_value"":null,""renewal_terms"":null}"
atticus_02,contract,atticus_02_license_agreement.pdf,contract,archived,small,CUAD full_contract_pdf/Part_I/License_Agreements (Artara Therapeutics EX-10.5),CC-BY-4.0,Real SEC-exhibit license agreement; 15 pages,atticus,"{""parties"":[""ArTara, Inc."",""The University of Iowa""],""effective_date"":""2018-11-28"",""term_length"":null,""termination_clauses"":[""This Agreement may be terminated by ArTara upon thirty (30) days prior written notice to University"",""Either Party may terminate the Project and all commitments and obligations with respect thereto, subject to Section 8.3 herein, upon thirty (30) days written notice to the other Party"",""University will have the right to termination this Agreement effective as of the end of the […***…] period without notice or any additional cure period""],""governing_law"":""laws of the State of Iowa"",""key_obligations"":[""ArTara will provide thirty thousand dollars (US $30,000) per year in funding for the Project"",""University hereby grants to ArTara an exclusive license to use the Program Data solely for the Project and in Regulatory Filings in the Field in the Territory"",""University hereby grants to ArTara an exclusive Right of Reference to all Program Regulatory Filings"",""Upon written request of ArTara, University will assign the IND to ArTara"",""University will retain all Program Data for the sooner to occur of a New Drug Application (NDA) for the Product being approved or ten (10) years from the Effective Date"",""During the term of this Agreement and for a period of seven (7) years after its termination or expiration each Party shall maintain in confidence and, except as authorized by this Agreement, not use any know-how""],""contract_value"":""US $30,000 per year"",""renewal_terms"":null}"
atticus_03,contract,atticus_03_supply_agreement.pdf,contract,archived,small,CUAD full_contract_pdf/Part_I/Supply (Loha Company Ltd EX-10.16),CC-BY-4.0,Real SEC-exhibit supply agreement; 6 pages,atticus,"{""parties"":[""Shenzhen LOHAS Supply Chain Management Co., Ltd.""],""effective_date"":null,""term_length"":""5 years"",""termination_clauses"":[""any party shall not unilaterally cancel the order before the two sides agreed"",""In case the accident lasts for more than 10 weeks, the Buyers shall have the right to cancel the Contract"",""In case the Sellers fail to make delivery ten weeks later than the time of shipment stipulated in the Contract, the Buyers have the right to cancel the contract""],""governing_law"":""law of the People's Republic of China"",""key_obligations"":[""The Buyer shall open an irrevocable letter of credit with the bank within 30 days after signing the contract, in favor of the Seller, for 100% value of the total contract value"",""The Sellers shall be liable for any damage and loss of the commodity, expenses incurred on account of improper packing"",""To be covered by the Seller for 110% invoice value against All Risks and War Risk"",""The Sellers guarantee that the commodity hereof is complies in all respects with the quality and specification stipulated in this Contract"",""The seller shall within 72 hours after the shipment of the goods, advise the shipping department of buyer""],""contract_value"":null,""renewal_terms"":null}"
atticus_04,contract,atticus_04_franchise_agreement.pdf,contract,archived,medium,CUAD full_contract_pdf/Part_II-A/Franchise (Buffalo Wild Wings EX-10.3),CC-BY-4.0,Real SEC-exhibit franchise agreement; 29 pages,atticus,"{""parties"":[""bw-3 Franchise Systems, Inc.""],""effective_date"":null,""term_length"":""10 years"",""termination_clauses"":[""If you are in substantial compliance with this Agreement and we materially breach this Agreement and fail to cure such breach within a reasonable time after written notice thereof is delivered to us, you may terminate this Agreement"",""This Agreement shall terminate automatically upon delivery of written notice of termination to you, if you or any shareholder, officer, partner, member or manager: (list of defaults)"",""This Agreement shall terminate at our sole option without further action by us or notice to you if you or your owner: (fails to pay amounts due within ten (10) days; fails to comply with any other provision within thirty (30) days)"",""If you fail to provide three (3) persons who can complete the training program, we will have the right to terminate this Agreement"",""If for any reason you fail to commence operation within the nine (9) month period, we may terminate this Agreement immediately upon delivery of written notice of termination to you""],""governing_law"":""laws of the State in which the Franchised Restaurant is located"",""key_obligations"":[""we hereby grant you a license to use the \""Buffalo Wild Wings\"" Marks and System"",""You pay us a nonrefundable Initial Franchise Fee"",""a monthly Continuing Fee equal to five percent (5%) of the Gross Sales derived from the Franchised Restaurant"",""contribute to the Buffalo Wild Wings Advertising and Development Fund an amount equal to three percent (3%) of your Gross Sales"",""You will commence operation of your Franchised Restaurant within nine (9) months of the execution of this Agreement"",""At the time of opening you must have a minimum of Fifty Thousand Dollars ($50,000) in immediately accessible working capital funds"",""you will comply with all requirements described in this Agreement, the Manuals and other written policies supplied by us""],""contract_value"":null,""renewal_terms"":[""You have the right to renew the franchise for two (2) successive terms equal to five (5) years each"",""You have given us written notice of your desire to renew at least six (6) months but not more than twelve (12) months prior to the end of the term"",""the percentage Continuing Fee shall not exceed seven percent (7%) during any renewal period"",""You will not be required to pay the then-current initial franchise fee or its equivalent""]}"
atticus_05,contract,atticus_05_distributor_agreement.pdf,contract,archived,small,CUAD full_contract_pdf/Part_II-A/Distributor (Netgear EX-10.16),CC-BY-4.0,Real SEC-exhibit distributor agreement; 8 pages,atticus,"{""parties"":[""Ingram Micro"",""NETGEAR, Inc.""],""effective_date"":""1996-03-01"",""term_length"":""1 year"",""termination_clauses"":[""This Agreement may be canceled at any time without cause, by either party upon ninety (90) days written notice to the other party"",""Either party may terminate this Agreement immediately if the other party becomes insolvent, files or has filed against it a petition in bankruptcy, or ceases doing business"",""Either party may terminate this Agreement immediately if the other party fails to cure a material breach of the Agreement within thirty (30) days after receipt of written notice of such breach""],""governing_law"":""laws of the State of California"",""key_obligations"":[""Distributor is appointed as a NETGEAR Distributor and may purchase certain equipment (\""Hardware\"") and licenses for software"",""Distributor will pay NETGEAR for all Products ordered by Distributor within […] of the date the corresponding invoice is issued"",""Distributor shall be the sole point of contact for its resale customers and their end-use customers in all support situations"",""Distributor shall sell or license Products only to resale customers which will in-turn resell or transfer the licenses to those Products to end use customers"",""Distributor agrees to use commercially reasonable efforts to maximize sales of NETGEAR Products"",""Each party agrees to hold the Proprietary Information of the other in confidence and to use the Proprietary Information only for the purposes expressly permitted under this Agreement""],""contract_value"":null,""renewal_terms"":[""This Agreement will be in effect for one year from the Effective Date and will automatically renew for successive one (1) year periods unless terminated as provided below"",""Following the initial one (1) year term, for any extension or renewal term, Distributor's appointment as Distributor shall be non-exclusive and NETGEAR may appoint other distributors in the Territory at its sole discretion""]}"
atticus_06,contract,atticus_06_joint_venture_agreement.pdf,contract,archived,small,CUAD full_contract_pdf/Part_I/Joint Venture (Accelerated Technologies EX-10.13),CC-BY-4.0,Real SEC-exhibit joint venture agreement; 3 pages,atticus,"{""parties"":[""Collectible Concepts Group, Inc."",""Pivotal Self Service Tech, Inc.""],""effective_date"":""2003-03-01"",""term_length"":""1 year (from March 1, 2003 until February 28, 2004)"",""termination_clauses"":[""shall be effective until February 28, 2004 unless extended by written agreement of the Joint Venturers not less than thirty (30) days prior to scheduled termination"",""On any termination of the Joint Venture, its debt shall be paid or provided for in a manner satisfactory to the Joint Venturers""],""governing_law"":""laws of the Commonwealth of Pennsylvania"",""key_obligations"":[""50% to Collectible Concepts Group, Inc."",""50% to Pivotal Self Service Tech, Inc."",""The Joint Venturers shall maintain adequate books and records to be kept of all the Joint Venture activities and affairs"",""Obtain any licenses deemed by the Joint Venturers to add value in the marketing of the Products"",""Prepare any artwork necessary for the reproduction of licensed or branded images"",""Provide the Products in accordance with the specifications and quantities and time frames designated by CCGI"",""Negotiate such favorable pricing and terms with the suppliers of the Products""],""contract_value"":null,""renewal_terms"":[""unless extended by written agreement of the Joint Venturers not less than thirty (30) days prior to scheduled termination""]}"
pileoflaw_01,court_opinion,pileoflaw_01_court_opinion.pdf,court_opinion,archived,small,external/pileoflaw/pileoflaw_01_court_opinion.txt,public-domain (US government work),NY appellate robbery conviction appeal; CourtListener opinion ~5.5K chars,pileoflaw,"{""case_name"":null,""court"":""Supreme Court, Kings County"",""date_decided"":null,""docket_number"":null,""opinion_type"":null,""parties"":[""the defendant""],""holding"":""Ordered that the judgment is affirmed."",""legal_issues"":[""the denial, after a hearing, of that branch of the defendant's omnibus motion which was for the suppression of certain statements made by him to law enforcement authorities"",""whether any violation of the Confrontation Clause was harmless""],""outcome"":""the judgment is affirmed"",""citations"":[""People v Cruz, 66 NY2d 61, 69, revd 481 US —, 107 S Ct 1714"",""Bruton v United States, 391 US 123"",""Cruz v New York, 481 US —, 107 S Ct 1714"",""Harrington v California, 395 US 250"",""People v Smalls, 55 NY2d 407"",""People v Crimmins, 36 NY2d 230"",""United States v Lewis, 565 F2d 1248, 1252, cert den 435 US 973"",""People v Dure, 102 AD2d 873"",""People v Baptiste, 135 AD2d 546"",""People v McCain, 134 AD2d 287"",""People v Cruz, 70 NY2d 733""],""authored_by"":null}"
pileoflaw_02,court_opinion,pileoflaw_02_court_opinion.pdf,court_opinion,archived,small,external/pileoflaw/pileoflaw_02_court_opinion.txt,public-domain (US government work),Delaware Court of Chancery opinion ~21K chars,pileoflaw,"{""case_name"":""Fortis Advisors LLC, v. Allergan W.C. Holding Inc."",""court"":""Court of Chancery of the State of Delaware"",""date_decided"":""2020-05-14"",""docket_number"":""C.A. No. 2019-0159-MTZ"",""opinion_type"":null,""parties"":[""Fortis Advisors LLC"",""Allergan W.C. Holding Inc.""],""holding"":""The Merger Agreement's shareholder representative structure identifies Fortis as the real party in interest in this action, and does not give Fortis control over the Stockholders' discoverable material. Allergan's Motion is denied."",""legal_issues"":[""Defendant's Motion to Treat Real-Party-in-Interest Sellers as Parties for Purposes of Discovery and Trial, and to Compel Discovery"",""whether the Stockholders must participate in discovery as real parties in interest and be subject to trial subpoenas as parties""],""outcome"":""Allergan's Motion is denied."",""citations"":[""HC Cos., Inc. v. Myers Indus., Inc., 2017 WL 6016573, at *5 (Del. Ch. Dec. 5, 2017)"",""Coughlan v. NXP B.V., 2010 WL 1531596, at *2–3 (Del. Ch. Apr. 15, 2010)"",""Ballenger v. Applied Dig. Sols., Inc., 2002 WL 749162, at *10 (Del. Ch. Apr. 24, 2002)"",""Mercury Sys., Inc. v. S'holder Representative Servs. LLC, 2014 WL 591218, at *1 (D. Mass. Feb. 14, 2014)"",""Deephaven Risk Arb Trading Ltd. v. UnitedGlobalCom, Inc., 2005 WL 1713067, at *11 (Del. Ch. July 13, 2005)"",""Dawson v. Pittco Capital P'rs, L.P., 2010 WL 692385, at *1 (Del. Ch. Feb. 15, 2010)"",""Theravectys SA v. Immune Design Corp., 2014 WL 5500506, at *2 (Del. Ch. Oct. 31, 2014)"",""Cradle IP LLC v. Tex. Instruments, Inc., 2013 WL 1794992, at *1 (D. Del. Apr. 29, 2013)"",""Royal Park Invs. SA/NV v. Deutsche Bank Nat'l Tr. Co., 314 F.R.D. 341 (S.D.N.Y. 2016)"",""JPMorgan Chase Bank, N.A. v. KB Home, 2010 WL 1994787 (D. Nev. May 18, 2010)"",""JPMorgan Chase Bank v. Winnick, 228 F.R.D. 505 (S.D.N.Y. 2005)"",""In re Infant Formula Antitrust Litig., 1992 WL 503465 (N.D. Fla. Jan. 13, 1992)""],""authored_by"":""Morgan T. Zurn""}"
pileoflaw_03,court_opinion,pileoflaw_03_court_opinion.pdf,court_opinion,archived,small,external/pileoflaw/pileoflaw_03_court_opinion.txt,public-domain (US government work),U.S. Court of Federal Claims special master ruling ~16K chars,pileoflaw,"{""case_name"":""Frederick W. Haynes, as the Executor of the Estate of Imogene Haynes-Bleau v. Secretary of Health and Human Services"",""court"":""United States Court of Federal Claims, Office of Special Masters"",""date_decided"":""2020-04-21"",""docket_number"":""17-356V"",""opinion_type"":""decision on attorneys' fees and costs"",""parties"":[""Frederick W. Haynes, as the Executor of the Estate of Imogene Haynes-Bleau"",""Secretary of Health and Human Services""],""holding"":""the undersigned awards a lump sum in the amount of $29,637.45, representing reimbursement for Petitioner's attorneys' fees and costs, in the form of a check payable to Petitioner and his attorney, Mr. Shahid Manzoor."",""legal_issues"":[""the only remaining issue is to determine a reasonable hourly rate for Mr. Manzoor"",""whether the billed hours are excessive, redundant, or otherwise unnecessary"",""whether the request for reimbursement of attorneys' costs is reasonable""],""outcome"":""Petitioner is awarded final attorneys' fees of $22,218.00 and final costs of $7,419.45, for a total award of $29,637.45, payable to Petitioner and his attorney, Mr. Shahid Manzoor."",""citations"":[""Avera v. Sec'y of Health & Human Servs., 515 F.3d 1343, 1348 (Fed. Cir. 2008)"",""Blum v. Stenson, 465 U.S. 886, 888 (1984)"",""Saxton v. Sec'y of Health & Human Servs., 3 F.3d 1517, 1521–22 (Fed. Cir. 1993)"",""Hines v. Sec'y of Health & Human Servs., 22 Cl. Ct. 750, 753 (1991)"",""Savin v. Sec'y of Health & Human Servs., 85 Fed. Cl. 313, 316–18 (2008)"",""Hensley v. Eckerhart, 461 U.S. 424, 434 (1983)"",""Sabella v. Sec'y of Health & Human Servs., 86 Fed. Cl. 201, 209 (Fed. Cl. 2009)"",""Broekelschen v. Sec'y of Health & Human Servs., 102 Fed. Cl. 719, 729 (Fed. Cl. 2011)"",""Wasson v. Sec'y of Dep't of Health & Human Servs., 24 Cl. Ct. 482, 484 (1991), rev'd on other grounds and aff'd in relevant part, 988 F.2d 131 (Fed. Cir. 1993)"",""McCulloch v. Sec'y of Health & Human Servs., No. 09-293V, 2015 WL 5634323, at *19 (Fed. Cl. Spec. Mstr. Sept. 1, 2015)"",""Miltenberger v. Sec'y of Health & Human Servs., No. 17-1491V, 2019 WL 7557794 (Fed. Cl. Spec. Mstr. Dec. 19, 2019)"",""Matthews v. Sec'y of Health & Human Servs., No. 14-1111V, 2016 WL 2853910, at *2 (Fed. Cl. Spec. Mstr. Apr. 18, 2016)"",""Carter v. Sec'y of Health & Human Servs., No. 04-1500V, 2007 WL 2241877, at *5 (Fed. Cl. Spec. Mstr. July 13, 2007)"",""Florence v. Sec'y of Health & Human Servs., No. 15-255V, 2016 WL 6459592, at *5 (Fed. Cl. Spec. Mstr. Oct. 6, 2016)"",""Fox v. Vice, 563 U.S. 826, 838 (2011)"",""Perreira v. Sec'y of Health & Human Servs., 27 Fed. Cl. 29, 34 (Fed. Cl. 1992)"",""Fragoso v. Sec'y of Health & Human Servs., No. 08-0236V, 2011 WL 300139 (Fed. Cl. Spec. Mstr. Jan. 6, 2011)""],""authored_by"":""Herbrina D. Sanders""}"
pileoflaw_04,court_opinion,pileoflaw_04_court_opinion.pdf,court_opinion,archived,small,external/pileoflaw/pileoflaw_04_court_opinion.txt,public-domain (US government work),NY negligence action appeal ~5K chars,pileoflaw,"{""case_name"":null,""court"":""Supreme Court, Orange County"",""date_decided"":null,""docket_number"":null,""opinion_type"":null,""parties"":[""the plaintiffs"",""the defendant""],""holding"":""Ordered that the judgment is reversed, on the law, and a new trial is granted, with costs to abide the event."",""legal_issues"":[""the trial court erred as a matter of law in excluding all expert testimony because it did not properly apply the test for expert testimony""],""outcome"":""the judgment is reversed, on the law, and a new trial is granted, with costs to abide the event"",""citations"":[""De Long v County of Erie, 60 NY2d 296, 307"",""Selkowitz v County of Nassau, 45 NY2d 97, 102"",""Dougherty v Milliken, 163 NY 527"",""Rodriguez v Board of Educ., 104 AD2d 978"",""Dier v City of New York, 79 AD2d 596"",""People v Cronin, 60 NY2d 430, 433"",""Darrow v West Genesee Cent. School Dist., 41 AD2d 897""],""authored_by"":null}"
pileoflaw_05,court_opinion,pileoflaw_05_court_opinion.pdf,court_opinion,archived,small,external/pileoflaw/pileoflaw_05_court_opinion.txt,public-domain (US government work),NY breach of settlement stipulation appeal ~9.4K chars,pileoflaw,"{""case_name"":null,""court"":""Supreme Court, Westchester County"",""date_decided"":null,""docket_number"":null,""opinion_type"":null,""parties"":[""the plaintiff wife"",""the defendant husband""],""holding"":""Ordered that the judgment is reversed, without costs or disbursements, and the matter is remitted to the Supreme Court, Westchester County, for a hearing and further proceedings consistent herewith; and it is further, Ordered that the appeal and cross appeal from the order are dismissed as academic, without costs or disbursements."",""legal_issues"":[""the defendant argues that the Supreme Court erred when it failed to include any allowance for capital gains taxes since paragraph 4 (C) of article VIII-A specifically provided for such an allowance"",""the plaintiff claims that the Supreme Court included several questionable expenses in its calculations with regard to the costs of maintaining the property and, in any case, she was not required to share in the maintenance costs past September 15, 1982""],""outcome"":""the judgment is reversed, without costs or disbursements, and the matter is remitted to the Supreme Court, Westchester County, for a hearing and further proceedings consistent herewith; the appeal and cross appeal from the order are dismissed as academic, without costs or disbursements"",""citations"":null,""authored_by"":null}"
pileoflaw_06,court_opinion,pileoflaw_06_court_opinion.pdf,court_opinion,archived,small,external/pileoflaw/pileoflaw_06_court_opinion.txt,public-domain (US government work),NY divorce appeal ~7.4K chars,pileoflaw,"{""case_name"":null,""court"":""Supreme Court, Kings County"",""date_decided"":null,""docket_number"":null,""opinion_type"":null,""parties"":[""the plaintiff husband"",""the defendant wife""],""holding"":""Ordered that the cross appeal is dismissed as abandoned, without costs or disbursements; and it is further, Ordered that the judgment is modified, on the law and the facts and as a matter of discretion, by (1) deleting from the second decretal paragraph thereof all words beginning with the phrase 'The marital premises shall be sold' and ending with the phrase 'with another person' and substituting therefor: 'The marital premises shall be sold if the defendant remarries or when Amanda, the parties' child, is emancipated or reaches her majority, whichever occurs first, and the net proceeds from the sale of the marital home shall be divided as follows: the defendant shall be credited with the amounts paid by her on the mortgage for payments due and owing after August 27, 1985, whereupon the remainder of the proceeds shall be divided between the parties equally'; (2) deleting from the third decretal paragraph thereof the phrase beginning with the words 'Should the defendant fail to comply' and ending with the words 'an application for a change of custody'; (3) deleting from the eighth decretal paragraph thereof the provision awarding the plaintiff a one-half share of the property located at 1746 Ocean Avenue, with interest, and substituting therefor a provision awarding the plaintiff one quarter of the defendant's share in said property or $16,250, without interest; (4) deleting from the second subparagraph (a) of the eighth decretal paragraph thereof the phrase 'or residing with someone in said marital residence' and (5) adding a provision thereto directing the plaintiff to serve and file a sworn statement that, to the best of his knowledge, he has taken all steps solely within his power to remove all barriers to the defendant's remarriage following the divorce; as so modified, the judgment is affirmed insofar as appealed from, without costs or disbursements, and the transfer of any money or property to the plaintiff is stayed until the plaintiff files a sworn statement that, to the best of his knowledge, he has taken all steps solely within his power to remove all barriers to the defendant's remarriage following the divorce."",""legal_issues"":[""the court's finding of cruel and inhuman treatment"",""equitable distribution of the parties' assets under Domestic Relations Law § 236 (B)"",""whether the awards of maintenance, child support and counsel fees were reasonable"",""whether the plaintiff should be required to comply with Domestic Relations Law § 253 (3) to remove any religious barriers to the wife's remarriage""],""outcome"":""the judgment is modified, on the law and the facts and as a matter of discretion, and, as so modified, the judgment is affirmed insofar as appealed from, without costs or disbursements; the cross appeal is dismissed as abandoned; the transfer of any money or property to the plaintiff is stayed until the plaintiff files a sworn statement in compliance with Domestic Relations Law § 253 (3)"",""citations"":[""D'Amato v D'Amato, 96 AD2d 849"",""Miller v Miller, 128 AD2d 844"",""Matter of Bliss v Bliss, 66 NY2d 382""],""authored_by"":null}"
